{	"SampleFileName": "forest_cover_28011992_120212.csv",
	"LengthOfDateStampInFile": 8,
	"LengthOfTimeStampInFile": 6,
	"NumberofColumns" : 51,
	"ColName": {
		"elevation": "Integer" ,
		"aspect": "Integer" ,
		"slope": "Integer" ,
		"horizontal_distance_to_hydrology": "Integer" ,
		"Vertical_Distance_To_Hydrology": "Integer" ,
		"Horizontal_Distance_To_Roadways": "Integer" ,
		"Horizontal_Distance_To_Fire_Points": "Integer" ,
		"wilderness_area1": "Integer" ,
		"wilderness_area2": "Integer" ,
		"wilderness_area3": "Integer" ,
		"wilderness_area4": "Integer" ,
		"soil_type_1": "Integer" ,
		"soil_type_2": "Integer" ,
		"soil_type_3": "Integer" ,
		"soil_type_4": "Integer" ,
		"soil_type_5": "Integer" ,
		"soil_type_6": "Integer" ,
		"soil_type_7": "Integer" ,
		"soil_type_8": "Integer" ,
		"soil_type_9": "Integer" ,
		"soil_type_10": "Integer" ,
		"soil_type_11": "Integer" ,
		"soil_type_12": "Integer" ,
		"soil_type_13": "Integer" ,
		"soil_type_14": "Integer" ,
		"soil_type_15": "Integer" ,
		"soil_type_16": "Integer" ,
		"soil_type_17": "Integer" ,
		"soil_type_18": "Integer" ,
		"soil_type_19": "Integer" ,
		"soil_type_20": "Integer" ,
		"soil_type_21": "Integer" ,
		"soil_type_22": "Integer" ,
		"soil_type_23": "Integer" ,
		"soil_type_24": "Integer" ,
		"soil_type_25": "Integer" ,
		"soil_type_26": "Integer" ,
		"soil_type_27": "Integer" ,
		"soil_type_28": "Integer" ,
		"soil_type_29": "Integer" ,
		"soil_type_30": "Integer" ,
		"soil_type_31": "Integer" ,
		"soil_type_32": "Integer" ,
		"soil_type_33": "Integer" ,
		"soil_type_34": "Integer" ,
		"soil_type_35": "Integer" ,
		"soil_type_36": "Integer" ,
		"soil_type_37": "Integer" ,
		"soil_type_38": "Integer" ,
		"soil_type_39": "Integer" ,
		"soil_type_40": "Integer"
			}
}
